Stock,Year,Month,Inventory
Total,1980,January,1885300
Total,1980,February,1819000
Total,1980,March,1815600
Total,1980,April,1753400
Total,1980,May,1812900
Total,1980,June,1725200
Total,1980,July,1575200
Total,1980,August,1359100
Total,1980,September,1197600
Total,1980,October,1199800
Total,1980,November,1468600
Total,1980,December,1722700
Total,1981,January,1646500
Total,1981,February,1452800
Total,1981,March,1427100
Total,1981,April,1543900
Total,1981,May,1573800
Total,1981,June,1428300
Total,1981,July,1330600
Total,1981,August,1103200
Total,1981,September,1037800
Total,1981,October,1050800
Total,1981,November,1390500
Total,1981,December,1657100
Total,1982,January,1611200
Total,1982,February,1515900
Total,1982,March,1494200
Total,1982,April,1649300
Total,1982,May,1758600
Total,1982,June,1698900
Total,1982,July,1519700
Total,1982,August,1325100
Total,1982,September,1149800
Total,1982,October,1299100
Total,1982,November,1737600
Total,1982,December,1876400
Total,1983,January,1866400
Total,1983,February,1712900
Total,1983,March,1706900
Total,1983,April,1825900
Total,1983,May,1872300
Total,1983,June,1754100
Total,1983,July,1478000
Total,1983,August,1172200
Total,1983,September,912900
Total,1983,October,763900
Total,1983,November,1063300
Total,1983,December,1543700
Total,1984,January,1491300
Total,1984,February,1303900
Total,1984,March,1170900
Total,1984,April,1318000
Total,1984,May,1482200
Total,1984,June,1269200
Total,1984,July,990100
Total,1984,August,848500
Total,1984,September,692400
Total,1984,October,795300
Total,1984,November,1004500
Total,1984,December,1214400
Total,1985,January,1144300
Total,1985,February,1004500
Total,1985,March,919000
Total,1985,April,1043000
Total,1985,May,1113100
Total,1985,June,1109300
Total,1985,July,999500
Total,1985,August,903500
Total,1985,September,864500
Total,1985,October,1045800
Total,1985,November,1597500
Total,1985,December,1853500
Total,1986,January,1754500
Total,1986,February,1593800
Total,1986,March,1541900
Total,1986,April,1699600
Total,1986,May,1771000
Total,1986,June,1701100
Total,1986,July,1541200
Total,1986,August,1382900
Total,1986,September,1251900
Total,1986,October,1305000
Total,1986,November,1738500
Total,1986,December,1946200
Total,1987,January,2017100
Total,1987,February,1724400
Total,1987,March,1636100
Total,1987,April,1741900
Total,1987,May,1728100
Total,1987,June,1669300
Total,1987,July,1417200
Total,1987,August,1135600
Total,1987,September,923000
Total,1987,October,927700
Total,1987,November,1366000
Total,1987,December,1617100
Total,1988,January,1575000
Total,1988,February,1382400
Total,1988,March,1418900
Total,1988,April,1778000
Total,1988,May,1669800
Total,1988,June,1578700
Total,1988,July,1230800
Total,1988,August,1058800
Total,1988,September,1012300
Total,1988,October,1248200
Total,1988,November,1548000
Total,1988,December,1723900
Total,1989,January,1517600
Total,1989,February,1292100
Total,1989,March,1186600
Total,1989,April,1320300
Total,1989,May,1394300
Total,1989,June,1192700
Total,1989,July,1079700
Total,1989,August,889800
Total,1989,September,920800
Total,1989,October,1213200
Total,1989,November,1415400
Total,1989,December,1517000
Total,1990,January,1689500
Total,1990,February,1568000
Total,1990,March,1560500
Total,1990,April,1485200
Total,1990,May,1612900
Total,1990,June,1486400
Total,1990,July,1366600
Total,1990,August,1283400
Total,1990,September,1180000
Total,1990,October,1208200
Total,1990,November,1729600
Total,1990,December,2232900
Total,1991,January,1899300
Total,1991,February,1739000
Total,1991,March,1692800
Total,1991,April,2011700
Total,1991,May,2004400
Total,1991,June,2125400
Total,1991,July,1821200
Total,1991,August,1560100
Total,1991,September,1344200
Total,1991,October,1445200
Total,1991,November,1776100
Total,1991,December,1970000
Total,1992,January,2120400
Total,1992,February,1809700
Total,1992,March,1693200
Total,1992,April,1848800
Total,1992,May,1772300
Total,1992,June,1678100
Total,1992,July,1627200
Total,1992,August,1273300
Total,1992,September,1057400
Total,1992,October,948500
Total,1992,November,1356500
Total,1992,December,1550000
Total,1993,January,1673100
Total,1993,February,1404600
Total,1993,March,1211600
Total,1993,April,1341700
Total,1993,May,1451400
Total,1993,June,1332300
Total,1993,July,1368900
Total,1993,August,1028100
Total,1993,September,868300
Total,1993,October,892800
Total,1993,November,1250000
Total,1993,December,1490400
Total,1994,January,1444300
Total,1994,February,1157000
Total,1994,March,1092600
Total,1994,April,1362400
Total,1994,May,1408200
Total,1994,June,1353600
Total,1994,July,1258000
Total,1994,August,989900
Total,1994,September,888900
Total,1994,October,1076900
Total,1994,November,1580600
Total,1994,December,1706500
Total,1995,January,1497800
Total,1995,February,1260800
Total,1995,March,1120100
Total,1995,April,1253000
Total,1995,May,1321500
Total,1995,June,1200400
Total,1995,July,940700
Total,1995,August,703600
Total,1995,September,524400
Total,1995,October,813300
Total,1995,November,1365100
Total,1995,December,1578000
Total,1996,January,1422300
Total,1996,February,1309100
Total,1996,March,1196700
Total,1996,April,1522500
Total,1996,May,1796800
Total,1996,June,1726700
Total,1996,July,1602800
Total,1996,August,1269200
Total,1996,September,1132200
Total,1996,October,1327100
Total,1996,November,1708200
Total,1996,December,1968600
Total,1997,January,1793000
Total,1997,February,1520800
Total,1997,March,1412000
Total,1997,April,1629400
Total,1997,May,1962000
Total,1997,June,1891800
Total,1997,July,1819400
Total,1997,August,1600200
Total,1997,September,1352600
Total,1997,October,1410300
Total,1997,November,2059900
Total,1997,December,2278100
Total,1998,January,1979400
Total,1998,February,1871100
Total,1998,March,1848100
Total,1998,April,2221700
Total,1998,May,2270600
Total,1998,June,2119500
Total,1998,July,1944900
Total,1998,August,1723800
Total,1998,September,1654200
Total,1998,October,1710700
Total,1998,November,2071900
Total,1998,December,2413600
Total,1999,January,2279300
Total,1999,February,2144600
Total,1999,March,2160700
Total,1999,April,2419800
Total,1999,May,2710900
Total,1999,June,2574100
Total,1999,July,2381100
Total,1999,August,2221200
Total,1999,September,1886100
Total,1999,October,2032900
Total,1999,November,2440900
Total,1999,December,2610000
Total,2000,January,2364500
Total,2000,February,2042300
Total,2000,March,1765700
Total,2000,April,1874900
Total,2000,May,2067000
Total,2000,June,1835900
Total,2000,July,1628600
Total,2000,August,1373800
Total,2000,September,1195000
Total,2000,October,1485100
Total,2000,November,2010800
Total,2000,December,2277600
Total,2001,January,2166100
Total,2001,February,1879400
Total,2001,March,1837800
Total,2001,April,2110700
Total,2001,May,2263300
Total,2001,June,2248000
Total,2001,July,2034900
Total,2001,August,1851300
Total,2001,September,1719300
Total,2001,October,1872600
Total,2001,November,2594400
Total,2001,December,2598000
Total,2002,January,2270700
Total,2002,February,1975200
Total,2002,March,1808200
Total,2002,April,1997200
Total,2002,May,2113200
Total,2002,June,1788900
Total,2002,July,1534700
Total,2002,August,1313400
Total,2002,September,1193100
Total,2002,October,1508200
Total,2002,November,2575000
Total,2002,December,2676000
Total,2003,January,2448100
Total,2003,February,2289500
Total,2003,March,2068500
Total,2003,April,2210300
Total,2003,May,2390800
Total,2003,June,2097600
Total,2003,July,1806100
Total,2003,August,1566500
Total,2003,September,1399600
Total,2003,October,1742400
Total,2003,November,2525000
Total,2003,December,2607000
Total,2004,January,2362100
Total,2004,February,2068000
Total,2004,March,1857700
Total,2004,April,2147400
Total,2004,May,2338700
Total,2004,June,1880100
Total,2004,July,1577400
Total,2004,August,1340800
Total,2004,September,1189100
Total,2004,October,1559500
Total,2004,November,2289800
Total,2004,December,2404500
Total,2005,January,2050900
Total,2005,February,1777400
Total,2005,March,1455600
Total,2005,April,1744700
Total,2005,May,1999200
Total,2005,June,1879300
Total,2005,July,1638200
Total,2005,August,1457100
Total,2005,September,1308000
Total,2005,October,1592700
Total,2005,November,2255300
Total,2005,December,2406200
Total,2006,January,2094300
Total,2006,February,1885900
Total,2006,March,1719900
Total,2006,April,2192900
Total,2006,May,2422500
Total,2006,June,2217300
Total,2006,July,1960100
Total,2006,August,1754200
Total,2006,September,1649500
Total,2006,October,1825300
Total,2006,November,2435200
Total,2006,December,2580400
Total,2007,January,2253100
Total,2007,February,1841300
Total,2007,March,1588600
Total,2007,April,1654500
Total,2007,May,1893500
Total,2007,June,1629100
Total,2007,July,1529100
Total,2007,August,1354600
Total,2007,September,1135800
Total,2007,October,1375100
Total,2007,November,2038300
Total,2007,December,2291500
Total,2008,January,2172300
Total,2008,February,1834900
Total,2008,March,1688700
Total,2008,April,1891400
Total,2008,May,2265400
Total,2008,June,2209500
Total,2008,July,2185200
Total,2008,August,1902100
Total,2008,September,1923100
Total,2008,October,2177100
Total,2008,November,2937800
Total,2008,December,2954100
Total,2009,January,2638600
Total,2009,February,2279000
Total,2009,March,2167700
Total,2009,April,2478600
Total,2009,May,2683900
Total,2009,June,2683400
Total,2009,July,2776300
Total,2009,August,2380700
Total,2009,September,2322200
Total,2009,October,2485300
Total,2009,November,2958600
Total,2009,December,2897300
Total,2010,January,2629100
Total,2010,February,2463300
Total,2010,March,2251900
Total,2010,April,2773400
Total,2010,May,3322000
Total,2010,June,3357700
Total,2010,July,3353500
Total,2010,August,3184200
Total,2010,September,3034000
Total,2010,October,3151100
Total,2010,November,3794600
Total,2010,December,3908000
Total,2011,January,3424300
Total,2011,February,3049600
Total,2011,March,2853000
Total,2011,April,3080600
Total,2011,May,3396500
Total,2011,June,3093600
Total,2011,July,3021800
Total,2011,August,2720400
Total,2011,September,2415200
Total,2011,October,2739200
Total,2011,November,3216800
Total,2011,December,3097500
Total,2012,January,2627400
Total,2012,February,2331400
Total,2012,March,2012600
Total,2012,April,2637800
Total,2012,May,2673300
Total,2012,June,2287308
Total,2012,July,1915105
Total,2012,August,1616600
Total,2012,September,1441900
Total,2012,October,1999000
Total,2012,November,2784600
Total,2012,December,2613200
Total,2013,January,2524200
Total,2013,February,2023600
Total,2013,March,1938600
Total,2013,April,2327600
Total,2013,May,2614400
Total,2013,June,2313500
Total,2013,July,2194060
Total,2013,August,1859500
Total,2013,September,1530310
Total,2013,October,1771300
Total,2013,November,2438700
Total,2013,December,2492900
Total,2014,January,2125497
Total,2014,February,2003813
Total,2014,March,1784781
Total,2014,April,2182481
Total,2014,May,2520176
Total,2014,June,2306164
Total,2014,July,2025007
Total,2014,August,1721784
Total,2014,September,1488718
Total,2014,October,1805310
Total,2014,November,2952744
Total,2014,December,3031531
Total,2015,January,2662050
Total,2015,February,2350600
Total,2015,March,2265510
Total,2015,April,2542680
Total,2015,May,3167250
Total,2015,June,3019420
Total,2015,July,2568190
Total,2015,August,2244380
Total,2015,September,1955500
Total,2015,October,2196180
Total,2015,November,3107300
Total,2015,December,3441410
Total,2016,January,3198790
Total,2016,February,2942840
Total,2016,March,2674165
Total,2016,April,3359008
Total,2016,May,3689410
Total,2016,June,3235290
Total,2016,July,2733640
Total,2016,August,2103160
Total,2016,September,1775760
Total,2016,October,2286570
Total,2016,November,3302330
Total,2016,December,3338980
Total,2017,January,2765120
Total,2017,February,2296321
Total,2017,March,2176201
Total,2017,April,2675545
Total,2017,May,3214184
Total,2017,June,2572937
Total,2017,July,2347896
Total,2017,August,2027999
Total,2017,September,1422835
Total,2017,October,1935868
Total,2017,November,2958730
Total,2017,December,2849370
Total,2018,January,2289649
Total,2018,February,1795783
Total,2018,March,1697374
Total,2018,April,2182668
Total,2018,May,2909456
Total,2018,June,2360984
Total,2018,July,1990822
Total,2018,August,1520764
Total,2018,September,1168028
Total,2018,October,1589893
Total,2018,November,3000445
Total,2018,December,2718483
Total,2019,January,2550701
Total,2019,February,2141232
Total,2019,March,2221423
Total,2019,April,2629031.85
Total,2019,May,2947423.99
Total,2019,June,2598338.8
Total,2019,July,2625253.8
Total,2019,August,2133840
Total,2019,September,1842373
Total,2019,October,2279729
Total,2019,November,2962460
Total,2019,December,3098013
Total,2020,January,2675039
Total,2020,February,2375497
Total,2020,March,2178636
Total,2020,April,2367873
Total,2020,May,2779030
Total,2020,June,2395941
Total,2020,July,2104760
Total,2020,August,1786250
Total,2020,September,1784820
Total,2020,October,2641080
Total,2020,November,3158538
Total,2020,December,2766398
Total,2021,January,2331995
Total,2021,February,2193099.02
Total,2021,March,2080100.35
Total,2021,April,2444308.9
Total,2021,May,2584897.35
Total,2021,June,2530823.49
Total,2021,July,2177681
Total,2021,August,1578312.23
Total,2021,September,1332356.9
Total,2021,October,1954720.67
Total,2021,November,2418429.07
Total,2021,December,2377846.29
Total,2022,January,1859447.81
Total,2022,February,1609248.25
Total,2022,March,1632510
Total,2022,April,2506130
Total,2022,May,2279957.29
Total,2022,June,2090620.07
Total,2022,July,2034574.68
Total,2022,August,1633359.3
Total,2022,September,1450885.19
Total,2022,October,2081839.99
Total,2022,November,2649810
Total,2022,December,2534590
Total,2023,January,1850450
Total,2023,February,1523032.91
Total,2023,March,1408846.11
Total,2023,April,1843053.31
Total,2023,May,1882057.73
Total,2023,June,1818204.9
Total,2023,July,1804168.98
Total,2023,August,1632450.91
Total,2023,September,1546094.52
Total,2023,October,2024327.23
Total,2023,November,1978558.36
Total,2023,December,1895782.56
Total,2024,January,2027180.48
Total,2024,February,1510976.97
Total,2024,March,1366188.44
Total,2024,April,1856160.79
Total,2024,May,2075770.81
Total,2024,June,2163673.78
Total,2024,July,2177878.72
Total,2024,August,1867641.11
Total,2024,September,1659232.97
Total,2024,October,2281614.84
Total,2024,November,2461441.52
Total,2024,December,2556602.38
Total,2025,January,2200210.01
Total,2025,February,2006140.99
Total,2025,March,1611715.32
Total,2025,April,2341826.7
Total,2025,May,2358648.99
Total,2025,June,2239878.09
Total,2025,July,NA
Total,2025,August,NA
Total,2025,September,NA
Total,2025,October,NA
Total,2025,November,NA
Total,2025,December,NA
Household,1980,January,968700
Household,1980,February,855000
Household,1980,March,852400
Household,1980,April,825100
Household,1980,May,870900
Household,1980,June,778700
Household,1980,July,647500
Household,1980,August,512400
Household,1980,September,440800
Household,1980,October,564700
Household,1980,November,840000
Household,1980,December,1031700
Household,1981,January,881100
Household,1981,February,672600
Household,1981,March,675500
Household,1981,April,787600
Household,1981,May,848200
Household,1981,June,702700
Household,1981,July,631500
Household,1981,August,482800
Household,1981,September,480400
Household,1981,October,532500
Household,1981,November,841800
Household,1981,December,983600
Household,1982,January,858400
Household,1982,February,721900
Household,1982,March,719300
Household,1982,April,841900
Household,1982,May,919800
Household,1982,June,835500
Household,1982,July,639000
Household,1982,August,521200
Household,1982,September,434400
Household,1982,October,629800
Household,1982,November,1004600
Household,1982,December,1068100
Household,1983,January,955900
Household,1983,February,755700
Household,1983,March,724100
Household,1983,April,820000
Household,1983,May,851000
Household,1983,June,731800
Household,1983,July,586500
Household,1983,August,468300
Household,1983,September,406900
Household,1983,October,417500
Household,1983,November,784400
Household,1983,December,1222700
Household,1984,January,1094800
Household,1984,February,881400
Household,1984,March,767200
Household,1984,April,950100
Household,1984,May,1105100
Household,1984,June,931400
Household,1984,July,701800
Household,1984,August,571800
Household,1984,September,506700
Household,1984,October,648400
Household,1984,November,809600
Household,1984,December,986800
Household,1985,January,890400
Household,1985,February,746700
Household,1985,March,684400
Household,1985,April,763200
Household,1985,May,809400
Household,1985,June,759600
Household,1985,July,620200
Household,1985,August,538400
Household,1985,September,479300
Household,1985,October,637000
Household,1985,November,1037700
Household,1985,December,1167800
Household,1986,January,1019600
Household,1986,February,823600
Household,1986,March,776800
Household,1986,April,917000
Household,1986,May,939300
Household,1986,June,835400
Household,1986,July,682500
Household,1986,August,551400
Household,1986,September,470500
Household,1986,October,563700
Household,1986,November,950700
Household,1986,December,1069500
Household,1987,January,942000
Household,1987,February,767600
Household,1987,March,686400
Household,1987,April,760000
Household,1987,May,729500
Household,1987,June,712100
Household,1987,July,529400
Household,1987,August,429300
Household,1987,September,349200
Household,1987,October,430100
Household,1987,November,796200
Household,1987,December,951500
Household,1988,January,895000
Household,1988,February,674800
Household,1988,March,681200
Household,1988,April,924000
Household,1988,May,835800
Household,1988,June,681300
Household,1988,July,546800
Household,1988,August,442900
Household,1988,September,440200
Household,1988,October,687400
Household,1988,November,954500
Household,1988,December,1078100
Household,1989,January,877200
Household,1989,February,679300
Household,1989,March,650900
Household,1989,April,802600
Household,1989,May,846400
Household,1989,June,670500
Household,1989,July,586400
Household,1989,August,462300
Household,1989,September,466800
Household,1989,October,797500
Household,1989,November,979300
Household,1989,December,1024600
Household,1990,January,934700
Household,1990,February,793200
Household,1990,March,718900
Household,1990,April,853400
Household,1990,May,881300
Household,1990,June,571600
Household,1990,July,440400
Household,1990,August,458400
Household,1990,September,419200
Household,1990,October,528300
Household,1990,November,895000
Household,1990,December,1068000
Household,1991,January,774500
Household,1991,February,653000
Household,1991,March,690000
Household,1991,April,996000
Household,1991,May,911300
Household,1991,June,979300
Household,1991,July,683200
Household,1991,August,458400
Household,1991,September,403800
Household,1991,October,521700
Household,1991,November,761700
Household,1991,December,904500
Household,1992,January,955300
Household,1992,February,704200
Household,1992,March,555000
Household,1992,April,722600
Household,1992,May,607200
Household,1992,June,506500
Household,1992,July,559800
Household,1992,August,386800
Household,1992,September,305800
Household,1992,October,405400
Household,1992,November,794800
Household,1992,December,876600
Household,1993,January,894600
Household,1993,February,659000
Household,1993,March,544600
Household,1993,April,604800
Household,1993,May,643400
Household,1993,June,544600
Household,1993,July,619400
Household,1993,August,383200
Household,1993,September,346400
Household,1993,October,432800
Household,1993,November,715800
Household,1993,December,873800
Household,1994,January,894600
Household,1994,February,629900
Household,1994,March,608900
Household,1994,April,829600
Household,1994,May,823200
Household,1994,June,742800
Household,1994,July,730300
Household,1994,August,532200
Household,1994,September,499600
Household,1994,October,706200
Household,1994,November,1114700
Household,1994,December,1217100
Household,1995,January,1028800
Household,1995,February,803900
Household,1995,March,700300
Household,1995,April,801300
Household,1995,May,837200
Household,1995,June,673300
Household,1995,July,537500
Household,1995,August,437300
Household,1995,September,354500
Household,1995,October,610600
Household,1995,November,1014400
Household,1995,December,1185500
Household,1996,January,1019900
Household,1996,February,862500
Household,1996,March,745700
Household,1996,April,928800
Household,1996,May,973500
Household,1996,June,788100
Household,1996,July,714500
Household,1996,August,545900
Household,1996,September,501400
Household,1996,October,746800
Household,1996,November,993900
Household,1996,December,1211300
Household,1997,January,1015800
Household,1997,February,857700
Household,1997,March,780300
Household,1997,April,952900
Household,1997,May,1055100
Household,1997,June,839200
Household,1997,July,683900
Household,1997,August,552800
Household,1997,September,457200
Household,1997,October,582100
Household,1997,November,1148900
Household,1997,December,1304800
Household,1998,January,1088100
Household,1998,February,898000
Household,1998,March,754800
Household,1998,April,890200
Household,1998,May,856100
Household,1998,June,708700
Household,1998,July,595300
Household,1998,August,492300
Household,1998,September,417000
Household,1998,October,549700
Household,1998,November,853600
Household,1998,December,1005000
Household,1999,January,955500
Household,1999,February,786300
Household,1999,March,768100
Household,1999,April,939300
Household,1999,May,1046300
Household,1999,June,839900
Household,1999,July,685500
Household,1999,August,603600
Household,1999,September,533800
Household,1999,October,735400
Household,1999,November,1131500
Household,1999,December,1263100
Household,2000,January,1149700
Household,2000,February,1009500
Household,2000,March,832200
Household,2000,April,954400
Household,2000,May,1059500
Household,2000,June,800300
Household,2000,July,665500
Household,2000,August,551900
Household,2000,September,510600
Household,2000,October,730400
Household,2000,November,1197600
Household,2000,December,1337900
Household,2001,January,1212600
Household,2001,February,937700
Household,2001,March,845300
Household,2001,April,1088900
Household,2001,May,1076300
Household,2001,June,859900
Household,2001,July,723300
Household,2001,August,586700
Household,2001,September,503900
Household,2001,October,713700
Household,2001,November,1371900
Household,2001,December,1365200
Household,2002,January,1111700
Household,2002,February,922800
Household,2002,March,829900
Household,2002,April,1050600
Household,2002,May,1135200
Household,2002,June,848300
Household,2002,July,706400
Household,2002,August,545100
Household,2002,September,474300
Household,2002,October,694700
Household,2002,November,1361200
Household,2002,December,1395200
Household,2003,January,1177400
Household,2003,February,988200
Household,2003,March,868300
Household,2003,April,1033900
Household,2003,May,1185800
Household,2003,June,836200
Household,2003,July,682600
Household,2003,August,558500
Household,2003,September,490700
Household,2003,October,750600
Household,2003,November,1418700
Household,2003,December,1464800
Household,2004,January,1222300
Household,2004,February,1038400
Household,2004,March,945200
Household,2004,April,1214100
Household,2004,May,1267700
Household,2004,June,951800
Household,2004,July,820400
Household,2004,August,655600
Household,2004,September,519200
Household,2004,October,828400
Household,2004,November,1451300
Household,2004,December,1567900
Household,2005,January,1364000
Household,2005,February,1172800
Household,2005,March,920500
Household,2005,April,993200
Household,2005,May,1030000
Household,2005,June,842500
Household,2005,July,757200
Household,2005,August,642300
Household,2005,September,576600
Household,2005,October,790000
Household,2005,November,1371400
Household,2005,December,1484500
Household,2006,January,1322400
Household,2006,February,1127900
Household,2006,March,980600
Household,2006,April,1138600
Household,2006,May,1190900
Household,2006,June,998300
Household,2006,July,845700
Household,2006,August,695900
Household,2006,September,607000
Household,2006,October,752600
Household,2006,November,1405500
Household,2006,December,1586100
Household,2007,January,1424300
Household,2007,February,1153800
Household,2007,March,993700
Household,2007,April,1131600
Household,2007,May,1184700
Household,2007,June,972500
Household,2007,July,863700
Household,2007,August,690100
Household,2007,September,593500
Household,2007,October,769900
Household,2007,November,1365700
Household,2007,December,1479900
Household,2008,January,1363000
Household,2008,February,1134200
Household,2008,March,992200
Household,2008,April,1152800
Household,2008,May,1178100
Household,2008,June,976900
Household,2008,July,886500
Household,2008,August,699700
Household,2008,September,690700
Household,2008,October,843200
Household,2008,November,1431500
Household,2008,December,1482500
Household,2009,January,1278400
Household,2009,February,1096000
Household,2009,March,994100
Household,2009,April,1163400
Household,2009,May,1177400
Household,2009,June,986100
Household,2009,July,904100
Household,2009,August,728100
Household,2009,September,692600
Household,2009,October,822400
Household,2009,November,1349100
Household,2009,December,1364700
Household,2010,January,1205400
Household,2010,February,1060600
Household,2010,March,898200
Household,2010,April,1069700
Household,2010,May,1106500
Household,2010,June,972700
Household,2010,July,892100
Household,2010,August,670700
Household,2010,September,619000
Household,2010,October,767000
Household,2010,November,1284100
Household,2010,December,1434500
Household,2011,January,1138700
Household,2011,February,887500
Household,2011,March,857600
Household,2011,April,1010200
Household,2011,May,1237000
Household,2011,June,913700
Household,2011,July,825100
Household,2011,August,638700
Household,2011,September,542900
Household,2011,October,828800
Household,2011,November,1323700
Household,2011,December,1266900
Household,2012,January,982100
Household,2012,February,845800
Household,2012,March,811700
Household,2012,April,1055900
Household,2012,May,1183500
Household,2012,June,882048
Household,2012,July,762800
Household,2012,August,597700
Household,2012,September,528500
Household,2012,October,933200
Household,2012,November,1439000
Household,2012,December,1322900
Household,2013,January,1309200
Household,2013,February,891400
Household,2013,March,847500
Household,2013,April,1070000
Household,2013,May,1202700
Household,2013,June,958200
Household,2013,July,811860
Household,2013,August,636500
Household,2013,September,535300
Household,2013,October,905100
Household,2013,November,1447900
Household,2013,December,1437900
Household,2014,January,1267691
Household,2014,February,1070337
Household,2014,March,947920
Household,2014,April,1187991
Household,2014,May,1326330
Household,2014,June,1081850
Household,2014,July,879582
Household,2014,August,700230
Household,2014,September,596641
Household,2014,October,834113
Household,2014,November,1618678
Household,2014,December,1567645
Household,2015,January,1326150
Household,2015,February,1049790
Household,2015,March,969700
Household,2015,April,1255790
Household,2015,May,1489850
Household,2015,June,1163370
Household,2015,July,952960
Household,2015,August,733380
Household,2015,September,571300
Household,2015,October,777450
Household,2015,November,1516850
Household,2015,December,1645070
Household,2016,January,1332970
Household,2016,February,1004640
Household,2016,March,886180
Household,2016,April,1220176
Household,2016,May,1476680
Household,2016,June,1168950
Household,2016,July,980395
Household,2016,August,693590
Household,2016,September,628110
Household,2016,October,990730
Household,2016,November,1677500
Household,2016,December,1678110
Household,2017,January,1269610
Household,2017,February,1145105
Household,2017,March,1152304
Household,2017,April,1440953
Household,2017,May,1490902
Household,2017,June,1079427
Household,2017,July,994829
Household,2017,August,748337
Household,2017,September,689005
Household,2017,October,1071570
Household,2017,November,1783960
Household,2017,December,1636530
Household,2018,January,1325510
Household,2018,February,1087823
Household,2018,March,1100501
Household,2018,April,1376056
Household,2018,May,1389951
Household,2018,June,1095314
Household,2018,July,992422
Household,2018,August,746377
Household,2018,September,610196
Household,2018,October,859160
Household,2018,November,1557169
Household,2018,December,1527174
Household,2019,January,1247580
Household,2019,February,1032420
Household,2019,March,1033643
Household,2019,April,1177607.85
Household,2019,May,1265467.99
Household,2019,June,1049051.8
Household,2019,July,1008664.8
Household,2019,August,792664
Household,2019,September,673097
Household,2019,October,1052475
Household,2019,November,1526690
Household,2019,December,1607635
Household,2020,January,1198467
Household,2020,February,1045665
Household,2020,March,981016
Household,2020,April,1243010
Household,2020,May,1519948
Household,2020,June,1256205
Household,2020,July,1073647
Household,2020,August,852459
Household,2020,September,848358
Household,2020,October,1450016
Household,2020,November,1809403
Household,2020,December,1618707
Household,2021,January,1289511
Household,2021,February,1181681
Household,2021,March,1230125
Household,2021,April,1464978
Household,2021,May,1425103
Household,2021,June,1132455
Household,2021,July,985551
Household,2021,August,751071
Household,2021,September,638163
Household,2021,October,1059684
Household,2021,November,1332368
Household,2021,December,1296967.6
Household,2022,January,991556
Household,2022,February,882743
Household,2022,March,864920
Household,2022,April,1372832
Household,2022,May,1240215.85
Household,2022,June,1049494.08
Household,2022,July,1064250.41
Household,2022,August,791550.3
Household,2022,September,710342.89
Household,2022,October,1172681.39
Household,2022,November,1491320
Household,2022,December,1476280
Household,2023,January,1083610
Household,2023,February,877032.91
Household,2023,March,811521.17
Household,2023,April,1015289.61
Household,2023,May,993969.74
Household,2023,June,884995
Household,2023,July,758563.57
Household,2023,August,636406.24
Household,2023,September,600168.08
Household,2023,October,917842.92
Household,2023,November,1017221.98
Household,2023,December,986776.75
Household,2024,January,1000502.23
Household,2024,February,685199.12
Household,2024,March,694618.06
Household,2024,April,938011.79
Household,2024,May,863765.39
Household,2024,June,696547.07
Household,2024,July,706210.58
Household,2024,August,551898.47
Household,2024,September,457815.2
Household,2024,October,898210.85
Household,2024,November,901206.77
Household,2024,December,898293.46
Household,2025,January,1054600.02
Household,2025,February,794467.01
Household,2025,March,784080.77
Household,2025,April,1174541.59
Household,2025,May,1158003.14
Household,2025,June,1001836.78
Household,2025,July,NA
Household,2025,August,NA
Household,2025,September,NA
Household,2025,October,NA
Household,2025,November,NA
Household,2025,December,NA
Commercial,1980,January,190200
Commercial,1980,February,188700
Commercial,1980,March,197900
Commercial,1980,April,178300
Commercial,1980,May,184400
Commercial,1980,June,187500
Commercial,1980,July,185500
Commercial,1980,August,157200
Commercial,1980,September,142500
Commercial,1980,October,126000
Commercial,1980,November,131700
Commercial,1980,December,164800
Commercial,1981,January,193000
Commercial,1981,February,208800
Commercial,1981,March,189100
Commercial,1981,April,208600
Commercial,1981,May,190500
Commercial,1981,June,195600
Commercial,1981,July,207500
Commercial,1981,August,208800
Commercial,1981,September,157300
Commercial,1981,October,155500
Commercial,1981,November,179200
Commercial,1981,December,220600
Commercial,1982,January,234100
Commercial,1982,February,224700
Commercial,1982,March,204000
Commercial,1982,April,231000
Commercial,1982,May,255400
Commercial,1982,June,267000
Commercial,1982,July,279600
Commercial,1982,August,217800
Commercial,1982,September,155300
Commercial,1982,October,144700
Commercial,1982,November,205600
Commercial,1982,December,238400
Commercial,1983,January,248200
Commercial,1983,February,219500
Commercial,1983,March,212600
Commercial,1983,April,208900
Commercial,1983,May,231400
Commercial,1983,June,266000
Commercial,1983,July,217900
Commercial,1983,August,167300
Commercial,1983,September,141900
Commercial,1983,October,105800
Commercial,1983,November,121600
Commercial,1983,December,156900
Commercial,1984,January,205400
Commercial,1984,February,216700
Commercial,1984,March,201500
Commercial,1984,April,185200
Commercial,1984,May,206500
Commercial,1984,June,214700
Commercial,1984,July,184100
Commercial,1984,August,147500
Commercial,1984,September,101700
Commercial,1984,October,114800
Commercial,1984,November,148000
Commercial,1984,December,174500
Commercial,1985,January,177800
Commercial,1985,February,167200
Commercial,1985,March,140000
Commercial,1985,April,159700
Commercial,1985,May,186100
Commercial,1985,June,190200
Commercial,1985,July,181900
Commercial,1985,August,172700
Commercial,1985,September,187500
Commercial,1985,October,186100
Commercial,1985,November,232200
Commercial,1985,December,295500
Commercial,1986,January,268700
Commercial,1986,February,252400
Commercial,1986,March,240400
Commercial,1986,April,257800
Commercial,1986,May,297200
Commercial,1986,June,306300
Commercial,1986,July,274100
Commercial,1986,August,244700
Commercial,1986,September,210300
Commercial,1986,October,187000
Commercial,1986,November,232900
Commercial,1986,December,297600
Commercial,1987,January,438100
Commercial,1987,February,287200
Commercial,1987,March,280800
Commercial,1987,April,309000
Commercial,1987,May,341300
Commercial,1987,June,344800
Commercial,1987,July,335100
Commercial,1987,August,275600
Commercial,1987,September,231700
Commercial,1987,October,243300
Commercial,1987,November,303400
Commercial,1987,December,317300
Commercial,1988,January,308900
Commercial,1988,February,356000
Commercial,1988,March,393500
Commercial,1988,April,497800
Commercial,1988,May,480500
Commercial,1988,June,554200
Commercial,1988,July,363600
Commercial,1988,August,261500
Commercial,1988,September,229500
Commercial,1988,October,248600
Commercial,1988,November,281400
Commercial,1988,December,337400
Commercial,1989,January,343000
Commercial,1989,February,356500
Commercial,1989,March,330400
Commercial,1989,April,347900
Commercial,1989,May,411900
Commercial,1989,June,421000
Commercial,1989,July,389300
Commercial,1989,August,313500
Commercial,1989,September,328300
Commercial,1989,October,307500
Commercial,1989,November,351800
Commercial,1989,December,372800
Commercial,1990,January,599400
Commercial,1990,February,565900
Commercial,1990,March,640800
Commercial,1990,April,445400
Commercial,1990,May,502400
Commercial,1990,June,629200
Commercial,1990,July,593000
Commercial,1990,August,501400
Commercial,1990,September,446300
Commercial,1990,October,394300
Commercial,1990,November,519000
Commercial,1990,December,741100
Commercial,1991,January,655600
Commercial,1991,February,639800
Commercial,1991,March,564000
Commercial,1991,April,582800
Commercial,1991,May,646700
Commercial,1991,June,627900
Commercial,1991,July,603400
Commercial,1991,August,560800
Commercial,1991,September,410400
Commercial,1991,October,403100
Commercial,1991,November,491300
Commercial,1991,December,515700
Commercial,1992,January,535300
Commercial,1992,February,448300
Commercial,1992,March,453300
Commercial,1992,April,435600
Commercial,1992,May,465600
Commercial,1992,June,494300
Commercial,1992,July,432900
Commercial,1992,August,395200
Commercial,1992,September,365400
Commercial,1992,October,291500
Commercial,1992,November,350000
Commercial,1992,December,422700
Commercial,1993,January,449000
Commercial,1993,February,415700
Commercial,1993,March,336300
Commercial,1993,April,412800
Commercial,1993,May,488900
Commercial,1993,June,476400
Commercial,1993,July,460400
Commercial,1993,August,393300
Commercial,1993,September,314400
Commercial,1993,October,290400
Commercial,1993,November,352000
Commercial,1993,December,472400
Commercial,1994,January,418400
Commercial,1994,February,405400
Commercial,1994,March,371300
Commercial,1994,April,424100
Commercial,1994,May,482100
Commercial,1994,June,513800
Commercial,1994,July,431100
Commercial,1994,August,373900
Commercial,1994,September,317100
Commercial,1994,October,320700
Commercial,1994,November,427100
Commercial,1994,December,438800
Commercial,1995,January,416400
Commercial,1995,February,406400
Commercial,1995,March,373500
Commercial,1995,April,411500
Commercial,1995,May,447600
Commercial,1995,June,494200
Commercial,1995,July,375700
Commercial,1995,August,241900
Commercial,1995,September,126800
Commercial,1995,October,171800
Commercial,1995,November,285000
Commercial,1995,December,330700
Commercial,1996,January,325100
Commercial,1996,February,306000
Commercial,1996,March,272200
Commercial,1996,April,288300
Commercial,1996,May,379700
Commercial,1996,June,393800
Commercial,1996,July,362400
Commercial,1996,August,327000
Commercial,1996,September,312700
Commercial,1996,October,322600
Commercial,1996,November,427900
Commercial,1996,December,470200
Commercial,1997,January,465600
Commercial,1997,February,417600
Commercial,1997,March,390900
Commercial,1997,April,374800
Commercial,1997,May,421700
Commercial,1997,June,439200
Commercial,1997,July,394800
Commercial,1997,August,348400
Commercial,1997,September,292300
Commercial,1997,October,324600
Commercial,1997,November,464900
Commercial,1997,December,528700
Commercial,1998,January,448200
Commercial,1998,February,397400
Commercial,1998,March,408100
Commercial,1998,April,521000
Commercial,1998,May,534400
Commercial,1998,June,524100
Commercial,1998,July,419800
Commercial,1998,August,334300
Commercial,1998,September,325800
Commercial,1998,October,305400
Commercial,1998,November,358900
Commercial,1998,December,500400
Commercial,1999,January,414500
Commercial,1999,February,389700
Commercial,1999,March,303900
Commercial,1999,April,359200
Commercial,1999,May,503500
Commercial,1999,June,488100
Commercial,1999,July,461500
Commercial,1999,August,511500
Commercial,1999,September,401900
Commercial,1999,October,436800
Commercial,1999,November,488900
Commercial,1999,December,540000
Commercial,2000,January,488200
Commercial,2000,February,420600
Commercial,2000,March,381000
Commercial,2000,April,441200
Commercial,2000,May,509600
Commercial,2000,June,485500
Commercial,2000,July,456800
Commercial,2000,August,360000
Commercial,2000,September,326400
Commercial,2000,October,410800
Commercial,2000,November,410300
Commercial,2000,December,471900
Commercial,2001,January,492400
Commercial,2001,February,487100
Commercial,2001,March,485600
Commercial,2001,April,502700
Commercial,2001,May,610100
Commercial,2001,June,631000
Commercial,2001,July,498100
Commercial,2001,August,408700
Commercial,2001,September,424100
Commercial,2001,October,440300
Commercial,2001,November,524700
Commercial,2001,December,524500
Commercial,2002,January,473500
Commercial,2002,February,429100
Commercial,2002,March,404800
Commercial,2002,April,431400
Commercial,2002,May,482100
Commercial,2002,June,479900
Commercial,2002,July,386000
Commercial,2002,August,336900
Commercial,2002,September,295800
Commercial,2002,October,326900
Commercial,2002,November,488800
Commercial,2002,December,459900
Commercial,2003,January,552500
Commercial,2003,February,497500
Commercial,2003,March,461400
Commercial,2003,April,494200
Commercial,2003,May,562000
Commercial,2003,June,526500
Commercial,2003,July,467600
Commercial,2003,August,394200
Commercial,2003,September,334800
Commercial,2003,October,403300
Commercial,2003,November,519200
Commercial,2003,December,533600
Commercial,2004,January,515500
Commercial,2004,February,480800
Commercial,2004,March,391500
Commercial,2004,April,467400
Commercial,2004,May,551300
Commercial,2004,June,469100
Commercial,2004,July,406700
Commercial,2004,August,323000
Commercial,2004,September,266400
Commercial,2004,October,364200
Commercial,2004,November,492100
Commercial,2004,December,512200
Commercial,2005,January,438700
Commercial,2005,February,404100
Commercial,2005,March,294200
Commercial,2005,April,381600
Commercial,2005,May,458500
Commercial,2005,June,434300
Commercial,2005,July,348200
Commercial,2005,August,310800
Commercial,2005,September,255700
Commercial,2005,October,317800
Commercial,2005,November,413600
Commercial,2005,December,482700
Commercial,2006,January,433500
Commercial,2006,February,392100
Commercial,2006,March,358000
Commercial,2006,April,470200
Commercial,2006,May,482100
Commercial,2006,June,478800
Commercial,2006,July,419600
Commercial,2006,August,367800
Commercial,2006,September,319500
Commercial,2006,October,355300
Commercial,2006,November,424000
Commercial,2006,December,447400
Commercial,2007,January,373600
Commercial,2007,February,330800
Commercial,2007,March,320800
Commercial,2007,April,345600
Commercial,2007,May,452600
Commercial,2007,June,402600
Commercial,2007,July,372600
Commercial,2007,August,275200
Commercial,2007,September,233600
Commercial,2007,October,331500
Commercial,2007,November,377300
Commercial,2007,December,456900
Commercial,2008,January,457400
Commercial,2008,February,432200
Commercial,2008,March,410800
Commercial,2008,April,341000
Commercial,2008,May,499500
Commercial,2008,June,456900
Commercial,2008,July,390100
Commercial,2008,August,347800
Commercial,2008,September,360200
Commercial,2008,October,400500
Commercial,2008,November,539400
Commercial,2008,December,514300
Commercial,2009,January,425100
Commercial,2009,February,370200
Commercial,2009,March,357500
Commercial,2009,April,386600
Commercial,2009,May,443600
Commercial,2009,June,446900
Commercial,2009,July,418600
Commercial,2009,August,361900
Commercial,2009,September,386700
Commercial,2009,October,416500
Commercial,2009,November,464700
Commercial,2009,December,461700
Commercial,2010,January,442600
Commercial,2010,February,393900
Commercial,2010,March,384400
Commercial,2010,April,422400
Commercial,2010,May,459400
Commercial,2010,June,459000
Commercial,2010,July,424000
Commercial,2010,August,479600
Commercial,2010,September,380900
Commercial,2010,October,483500
Commercial,2010,November,693100
Commercial,2010,December,698900
Commercial,2011,January,551200
Commercial,2011,February,543300
Commercial,2011,March,455200
Commercial,2011,April,616200
Commercial,2011,May,699200
Commercial,2011,June,736500
Commercial,2011,July,687300
Commercial,2011,August,596700
Commercial,2011,September,483800
Commercial,2011,October,644600
Commercial,2011,November,713100
Commercial,2011,December,711300
Commercial,2012,January,604200
Commercial,2012,February,606600
Commercial,2012,March,422800
Commercial,2012,April,530800
Commercial,2012,May,799600
Commercial,2012,June,750393
Commercial,2012,July,561917
Commercial,2012,August,487300
Commercial,2012,September,391900
Commercial,2012,October,559600
Commercial,2012,November,782800
Commercial,2012,December,690600
Commercial,2013,January,621700
Commercial,2013,February,556200
Commercial,2013,March,511800
Commercial,2013,April,673300
Commercial,2013,May,799900
Commercial,2013,June,716400
Commercial,2013,July,684790
Commercial,2013,August,584600
Commercial,2013,September,498610
Commercial,2013,October,477200
Commercial,2013,November,636900
Commercial,2013,December,755000
Commercial,2014,January,582962
Commercial,2014,February,474170
Commercial,2014,March,376481
Commercial,2014,April,475365
Commercial,2014,May,727350
Commercial,2014,June,817464
Commercial,2014,July,689218
Commercial,2014,August,579479
Commercial,2014,September,439271
Commercial,2014,October,521988
Commercial,2014,November,902820
Commercial,2014,December,977855
Commercial,2015,January,811850
Commercial,2015,February,769860
Commercial,2015,March,744950
Commercial,2015,April,801490
Commercial,2015,May,1066180
Commercial,2015,June,1108650
Commercial,2015,July,840760
Commercial,2015,August,716630
Commercial,2015,September,581600
Commercial,2015,October,666050
Commercial,2015,November,882140
Commercial,2015,December,975690
Commercial,2016,January,965370
Commercial,2016,February,942380
Commercial,2016,March,706410
Commercial,2016,April,1005550
Commercial,2016,May,1042450
Commercial,2016,June,994660
Commercial,2016,July,838810
Commercial,2016,August,621590
Commercial,2016,September,522450
Commercial,2016,October,787910
Commercial,2016,November,1078840
Commercial,2016,December,1096690
Commercial,2017,January,948050
Commercial,2017,February,685960
Commercial,2017,March,626928
Commercial,2017,April,907357
Commercial,2017,May,1453098
Commercial,2017,June,1288278
Commercial,2017,July,1198104
Commercial,2017,August,1170970
Commercial,2017,September,668290
Commercial,2017,October,704949
Commercial,2017,November,982910
Commercial,2017,December,1056220
Commercial,2018,January,857280
Commercial,2018,February,646560
Commercial,2018,March,553345
Commercial,2018,April,794377
Commercial,2018,May,1516028
Commercial,2018,June,1263594
Commercial,2018,July,945100
Commercial,2018,August,673234
Commercial,2018,September,446730
Commercial,2018,October,602301
Commercial,2018,November,1338841
Commercial,2018,December,1089173
Commercial,2019,January,1205210
Commercial,2019,February,811196
Commercial,2019,March,695840
Commercial,2019,April,875239
Commercial,2019,May,1123813
Commercial,2019,June,998229
Commercial,2019,July,1099672
Commercial,2019,August,880146
Commercial,2019,September,759744
Commercial,2019,October,832544
Commercial,2019,November,981693
Commercial,2019,December,1009720
Commercial,2020,January,951634
Commercial,2020,February,841150
Commercial,2020,March,715810
Commercial,2020,April,709550
Commercial,2020,May,940890
Commercial,2020,June,891403
Commercial,2020,July,808547
Commercial,2020,August,729946
Commercial,2020,September,744000
Commercial,2020,October,951180
Commercial,2020,November,963516
Commercial,2020,December,794714
Commercial,2021,January,689961
Commercial,2021,February,708936.02
Commercial,2021,March,584655.88
Commercial,2021,April,738160
Commercial,2021,May,918668.35
Commercial,2021,June,1173281.49
Commercial,2021,July,986310
Commercial,2021,August,648399.23
Commercial,2021,September,543023.9
Commercial,2021,October,728694.67
Commercial,2021,November,841738.07
Commercial,2021,December,831165.69
Commercial,2022,January,659563.81
Commercial,2022,February,545273.25
Commercial,2022,March,611330
Commercial,2022,April,997408.49
Commercial,2022,May,880938.44
Commercial,2022,June,865640
Commercial,2022,July,809827.27
Commercial,2022,August,707200
Commercial,2022,September,628160.3
Commercial,2022,October,798116.6
Commercial,2022,November,1038010
Commercial,2022,December,933010
Commercial,2023,January,651930
Commercial,2023,February,541210
Commercial,2023,March,494252.94
Commercial,2023,April,728730.7
Commercial,2023,May,787970.99
Commercial,2023,June,848107.9
Commercial,2023,July,984761.41
Commercial,2023,August,945096.67
Commercial,2023,September,902290.44
Commercial,2023,October,1080905.36
Commercial,2023,November,901106.38
Commercial,2023,December,851875.81
Commercial,2024,January,978002.26
Commercial,2024,February,778887.55
Commercial,2024,March,630285.38
Commercial,2024,April,876590
Commercial,2024,May,1142655.42
Commercial,2024,June,1328853.71
Commercial,2024,July,1324469.14
Commercial,2024,August,1165003.64
Commercial,2024,September,1050261.77
Commercial,2024,October,1210759.99
Commercial,2024,November,1418557.09
Commercial,2024,December,1514261.25
Commercial,2025,January,860797.99
Commercial,2025,February,922495.98
Commercial,2025,March,527777.55
Commercial,2025,April,820838.11
Commercial,2025,May,803439.85
Commercial,2025,June,814385.31
Commercial,2025,July,NA
Commercial,2025,August,NA
Commercial,2025,September,NA
Commercial,2025,October,NA
Commercial,2025,November,NA
Commercial,2025,December,NA
NFA,1980,January,726400
NFA,1980,February,775300
NFA,1980,March,765300
NFA,1980,April,750000
NFA,1980,May,757600
NFA,1980,June,759000
NFA,1980,July,742200
NFA,1980,August,689500
NFA,1980,September,614300
NFA,1980,October,509100
NFA,1980,November,496900
NFA,1980,December,526200
NFA,1981,January,572400
NFA,1981,February,571400
NFA,1981,March,562500
NFA,1981,April,547700
NFA,1981,May,535100
NFA,1981,June,530000
NFA,1981,July,491600
NFA,1981,August,411600
NFA,1981,September,400100
NFA,1981,October,362800
NFA,1981,November,369500
NFA,1981,December,452900
NFA,1982,January,518700
NFA,1982,February,569300
NFA,1982,March,570900
NFA,1982,April,576400
NFA,1982,May,583400
NFA,1982,June,596400
NFA,1982,July,601100
NFA,1982,August,586100
NFA,1982,September,560100
NFA,1982,October,524600
NFA,1982,November,527400
NFA,1982,December,569900
NFA,1983,January,662300
NFA,1983,February,737700
NFA,1983,March,770200
NFA,1983,April,797000
NFA,1983,May,789900
NFA,1983,June,756300
NFA,1983,July,673600
NFA,1983,August,536600
NFA,1983,September,364100
NFA,1983,October,240600
NFA,1983,November,157300
NFA,1983,December,164100
NFA,1984,January,191100
NFA,1984,February,205800
NFA,1984,March,202200
NFA,1984,April,182700
NFA,1984,May,170600
NFA,1984,June,123100
NFA,1984,July,104200
NFA,1984,August,129200
NFA,1984,September,84000
NFA,1984,October,32100
NFA,1984,November,46900
NFA,1984,December,53100
NFA,1985,January,76100
NFA,1985,February,90600
NFA,1985,March,94600
NFA,1985,April,120100
NFA,1985,May,117600
NFA,1985,June,159500
NFA,1985,July,197400
NFA,1985,August,192400
NFA,1985,September,197700
NFA,1985,October,222700
NFA,1985,November,327600
NFA,1985,December,390200
NFA,1986,January,466200
NFA,1986,February,517800
NFA,1986,March,524700
NFA,1986,April,524800
NFA,1986,May,534500
NFA,1986,June,559400
NFA,1986,July,584600
NFA,1986,August,586800
NFA,1986,September,571100
NFA,1986,October,554300
NFA,1986,November,554900
NFA,1986,December,579100
NFA,1987,January,637000
NFA,1987,February,669600
NFA,1987,March,668900
NFA,1987,April,672900
NFA,1987,May,657300
NFA,1987,June,612400
NFA,1987,July,552700
NFA,1987,August,430700
NFA,1987,September,342100
NFA,1987,October,254300
NFA,1987,November,266400
NFA,1987,December,348300
NFA,1988,January,371100
NFA,1988,February,351600
NFA,1988,March,344200
NFA,1988,April,356200
NFA,1988,May,353500
NFA,1988,June,343200
NFA,1988,July,320400
NFA,1988,August,354400
NFA,1988,September,342600
NFA,1988,October,312200
NFA,1988,November,312100
NFA,1988,December,308400
NFA,1989,January,297400
NFA,1989,February,256300
NFA,1989,March,205300
NFA,1989,April,169800
NFA,1989,May,136000
NFA,1989,June,101200
NFA,1989,July,104000
NFA,1989,August,114000
NFA,1989,September,125700
NFA,1989,October,108200
NFA,1989,November,84300
NFA,1989,December,119600
NFA,1990,January,155400
NFA,1990,February,208900
NFA,1990,March,200800
NFA,1990,April,186400
NFA,1990,May,229200
NFA,1990,June,285600
NFA,1990,July,333200
NFA,1990,August,323600
NFA,1990,September,314500
NFA,1990,October,285600
NFA,1990,November,315600
NFA,1990,December,423800
NFA,1991,January,469200
NFA,1991,February,446200
NFA,1991,March,438800
NFA,1991,April,432900
NFA,1991,May,446400
NFA,1991,June,518200
NFA,1991,July,534600
NFA,1991,August,540900
NFA,1991,September,530000
NFA,1991,October,520400
NFA,1991,November,523100
NFA,1991,December,549800
NFA,1992,January,629800
NFA,1992,February,657200
NFA,1992,March,684900
NFA,1992,April,690600
NFA,1992,May,699500
NFA,1992,June,677300
NFA,1992,July,634500
NFA,1992,August,491300
NFA,1992,September,386200
NFA,1992,October,251600
NFA,1992,November,211700
NFA,1992,December,250700
NFA,1993,January,329500
NFA,1993,February,329900
NFA,1993,March,330700
NFA,1993,April,324100
NFA,1993,May,319100
NFA,1993,June,311300
NFA,1993,July,289100
NFA,1993,August,251600
NFA,1993,September,207500
NFA,1993,October,169600
NFA,1993,November,182200
NFA,1993,December,144200
NFA,1994,January,131300
NFA,1994,February,121700
NFA,1994,March,112400
NFA,1994,April,108700
NFA,1994,May,102900
NFA,1994,June,97000
NFA,1994,July,96600
NFA,1994,August,83800
NFA,1994,September,72200
NFA,1994,October,50000
NFA,1994,November,38800
NFA,1994,December,50600
NFA,1995,January,52600
NFA,1995,February,50500
NFA,1995,March,46300
NFA,1995,April,40200
NFA,1995,May,36700
NFA,1995,June,32900
NFA,1995,July,27500
NFA,1995,August,24400
NFA,1995,September,43100
NFA,1995,October,30900
NFA,1995,November,65700
NFA,1995,December,61800
NFA,1996,January,77300
NFA,1996,February,140600
NFA,1996,March,178800
NFA,1996,April,305400
NFA,1996,May,443600
NFA,1996,June,544800
NFA,1996,July,525900
NFA,1996,August,396300
NFA,1996,September,318100
NFA,1996,October,257700
NFA,1996,November,286400
NFA,1996,December,287100
NFA,1997,January,311600
NFA,1997,February,245500
NFA,1997,March,240800
NFA,1997,April,301700
NFA,1997,May,485200
NFA,1997,June,613400
NFA,1997,July,740700
NFA,1997,August,699000
NFA,1997,September,603100
NFA,1997,October,503600
NFA,1997,November,446100
NFA,1997,December,444600
NFA,1998,January,443100
NFA,1998,February,575700
NFA,1998,March,685200
NFA,1998,April,810500
NFA,1998,May,880100
NFA,1998,June,886700
NFA,1998,July,929800
NFA,1998,August,897200
NFA,1998,September,911400
NFA,1998,October,855600
NFA,1998,November,859400
NFA,1998,December,908200
NFA,1999,January,909300
NFA,1999,February,968600
NFA,1999,March,1088700
NFA,1999,April,1121300
NFA,1999,May,1161100
NFA,1999,June,1246100
NFA,1999,July,1234100
NFA,1999,August,1106100
NFA,1999,September,950400
NFA,1999,October,860700
NFA,1999,November,820500
NFA,1999,December,806900
NFA,2000,January,726600
NFA,2000,February,612200
NFA,2000,March,552500
NFA,2000,April,479300
NFA,2000,May,497900
NFA,2000,June,550100
NFA,2000,July,506300
NFA,2000,August,461900
NFA,2000,September,358000
NFA,2000,October,343900
NFA,2000,November,402900
NFA,2000,December,467800
NFA,2001,January,461100
NFA,2001,February,454600
NFA,2001,March,506900
NFA,2001,April,519100
NFA,2001,May,576900
NFA,2001,June,757100
NFA,2001,July,813500
NFA,2001,August,855900
NFA,2001,September,791300
NFA,2001,October,718600
NFA,2001,November,697800
NFA,2001,December,708300
NFA,2002,January,685500
NFA,2002,February,623300
NFA,2002,March,573500
NFA,2002,April,515200
NFA,2002,May,495900
NFA,2002,June,460700
NFA,2002,July,442300
NFA,2002,August,431400
NFA,2002,September,423000
NFA,2002,October,486600
NFA,2002,November,725000
NFA,2002,December,820900
NFA,2003,January,718200
NFA,2003,February,803800
NFA,2003,March,738800
NFA,2003,April,682200
NFA,2003,May,643000
NFA,2003,June,734900
NFA,2003,July,655900
NFA,2003,August,613800
NFA,2003,September,574100
NFA,2003,October,588500
NFA,2003,November,587100
NFA,2003,December,608600
NFA,2004,January,624300
NFA,2004,February,548800
NFA,2004,March,521000
NFA,2004,April,465900
NFA,2004,May,519700
NFA,2004,June,459200
NFA,2004,July,350300
NFA,2004,August,362200
NFA,2004,September,403500
NFA,2004,October,366900
NFA,2004,November,346400
NFA,2004,December,324400
NFA,2005,January,248200
NFA,2005,February,200500
NFA,2005,March,240900
NFA,2005,April,369900
NFA,2005,May,510700
NFA,2005,June,602500
NFA,2005,July,532800
NFA,2005,August,504000
NFA,2005,September,475700
NFA,2005,October,484900
NFA,2005,November,470300
NFA,2005,December,439000
NFA,2006,January,338400
NFA,2006,February,365900
NFA,2006,March,381300
NFA,2006,April,584100
NFA,2006,May,749500
NFA,2006,June,740200
NFA,2006,July,694800
NFA,2006,August,690500
NFA,2006,September,723000
NFA,2006,October,717400
NFA,2006,November,605700
NFA,2006,December,546900
NFA,2007,January,455200
NFA,2007,February,356700
NFA,2007,March,274100
NFA,2007,April,177300
NFA,2007,May,256200
NFA,2007,June,254000
NFA,2007,July,292800
NFA,2007,August,389300
NFA,2007,September,308700
NFA,2007,October,273700
NFA,2007,November,295300
NFA,2007,December,354700
NFA,2008,January,351900
NFA,2008,February,268500
NFA,2008,March,285700
NFA,2008,April,397600
NFA,2008,May,587800
NFA,2008,June,775700
NFA,2008,July,908600
NFA,2008,August,854600
NFA,2008,September,872200
NFA,2008,October,933400
NFA,2008,November,966900
NFA,2008,December,957300
NFA,2009,January,935100
NFA,2009,February,812800
NFA,2009,March,816100
NFA,2009,April,928600
NFA,2009,May,1062900
NFA,2009,June,1250400
NFA,2009,July,1453600
NFA,2009,August,1290700
NFA,2009,September,1242900
NFA,2009,October,1246400
NFA,2009,November,1144800
NFA,2009,December,1070900
NFA,2010,January,981100
NFA,2010,February,1008800
NFA,2010,March,969300
NFA,2010,April,1281300
NFA,2010,May,1756100
NFA,2010,June,1926000
NFA,2010,July,2037400
NFA,2010,August,2033900
NFA,2010,September,2034100
NFA,2010,October,1900600
NFA,2010,November,1817400
NFA,2010,December,1774600
NFA,2011,January,1734400
NFA,2011,February,1618800
NFA,2011,March,1540200
NFA,2011,April,1454200
NFA,2011,May,1460300
NFA,2011,June,1443400
NFA,2011,July,1509400
NFA,2011,August,1485000
NFA,2011,September,1388500
NFA,2011,October,1265800
NFA,2011,November,1180000
NFA,2011,December,1119300
NFA,2012,January,1041100
NFA,2012,February,879000
NFA,2012,March,778100
NFA,2012,April,1051100
NFA,2012,May,690200
NFA,2012,June,654867
NFA,2012,July,590388
NFA,2012,August,531600
NFA,2012,September,521500
NFA,2012,October,506200
NFA,2012,November,562800
NFA,2012,December,599700
NFA,2013,January,593300
NFA,2013,February,576000
NFA,2013,March,579300
NFA,2013,April,584300
NFA,2013,May,611800
NFA,2013,June,638900
NFA,2013,July,697400
NFA,2013,August,638400
NFA,2013,September,496400
NFA,2013,October,389000
NFA,2013,November,353900
NFA,2013,December,3.00E+05
NFA,2014,January,274844
NFA,2014,February,459310
NFA,2014,March,460380
NFA,2014,April,519125
NFA,2014,May,466494
NFA,2014,June,406850
NFA,2014,July,456207
NFA,2014,August,442075
NFA,2014,September,452806
NFA,2014,October,449211
NFA,2014,November,431245
NFA,2014,December,486031
NFA,2015,January,524050
NFA,2015,February,530950
NFA,2015,March,550860
NFA,2015,April,485400
NFA,2015,May,611210
NFA,2015,June,747410
NFA,2015,July,774470
NFA,2015,August,794370
NFA,2015,September,802600
NFA,2015,October,752680
NFA,2015,November,708310
NFA,2015,December,820650
NFA,2016,January,900450
NFA,2016,February,995820
NFA,2016,March,1081570
NFA,2016,April,1133280
NFA,2016,May,1170280
NFA,2016,June,1071680
NFA,2016,July,913520
NFA,2016,August,787970
NFA,2016,September,625210
NFA,2016,October,507930
NFA,2016,November,545990
NFA,2016,December,564180
NFA,2017,January,547460
NFA,2017,February,465255
NFA,2017,March,396969
NFA,2017,April,327235
NFA,2017,May,270184
NFA,2017,June,205232
NFA,2017,July,154963
NFA,2017,August,108692
NFA,2017,September,65540
NFA,2017,October,159349
NFA,2017,November,191860
NFA,2017,December,156620
NFA,2018,January,106859
NFA,2018,February,61400
NFA,2018,March,43528
NFA,2018,April,12235
NFA,2018,May,3477
NFA,2018,June,2076
NFA,2018,July,53300
NFA,2018,August,101153
NFA,2018,September,111102
NFA,2018,October,128432
NFA,2018,November,104435
NFA,2018,December,102136
NFA,2019,January,97911
NFA,2019,February,297616
NFA,2019,March,491940
NFA,2019,April,576185
NFA,2019,May,558143
NFA,2019,June,551058
NFA,2019,July,516917
NFA,2019,August,461030
NFA,2019,September,409532
NFA,2019,October,394710
NFA,2019,November,454077
NFA,2019,December,480658
NFA,2020,January,524938
NFA,2020,February,488682
NFA,2020,March,481810
NFA,2020,April,415313
NFA,2020,May,318196
NFA,2020,June,248333
NFA,2020,July,222566
NFA,2020,August,203845
NFA,2020,September,192465
NFA,2020,October,239886
NFA,2020,November,385619
NFA,2020,December,352977
NFA,2021,January,352523
NFA,2021,February,302482
NFA,2021,March,265320
NFA,2021,April,241170.9
NFA,2021,May,241126
NFA,2021,June,225087
NFA,2021,July,205820
NFA,2021,August,178842
NFA,2021,September,151170
NFA,2021,October,166342
NFA,2021,November,244323
NFA,2021,December,249713
NFA,2022,January,208328
NFA,2022,February,181232
NFA,2022,March,155870
NFA,2022,April,135872
NFA,2022,May,158803
NFA,2022,June,175486
NFA,2022,July,160497
NFA,2022,August,134609
NFA,2022,September,112382
NFA,2022,October,111042
NFA,2022,November,120480
NFA,2022,December,125300
NFA,2023,January,114910
NFA,2023,February,104790
NFA,2023,March,103072
NFA,2023,April,99033
NFA,2023,May,100117
NFA,2023,June,85102
NFA,2023,July,60844
NFA,2023,August,50948
NFA,2023,September,43636
NFA,2023,October,44240
NFA,2023,November,60230
NFA,2023,December,57130
NFA,2024,January,48676
NFA,2024,February,46890.3
NFA,2024,March,41285
NFA,2024,April,41559
NFA,2024,May,69350
NFA,2024,June,138273
NFA,2024,July,147199
NFA,2024,August,150739
NFA,2024,September,151156
NFA,2024,October,172644
NFA,2024,November,141677.67
NFA,2024,December,144047.67
NFA,2025,January,284812
NFA,2025,February,289178
NFA,2025,March,299857
NFA,2025,April,346447
NFA,2025,May,397206
NFA,2025,June,423656
NFA,2025,July,NA
NFA,2025,August,NA
NFA,2025,September,NA
NFA,2025,October,NA
NFA,2025,November,NA
NFA,2025,December,NA
